qname,prediction,confidence
assets.msn.com.,游릭 Safe,2.6
assets.msn.com.,游릭 Safe,2.6
assets.msn.com.,游릭 Safe,2.6
assets.msn.com.,游릭 Safe,2.6
unleash.codeium.com.,游릭 Safe,0.07
unleash.codeium.com.,游릭 Safe,0.07
unleash.codeium.com.,游릭 Safe,0.07
unleash.codeium.com.,游릭 Safe,0.07
unleash.codeium.com.,游릭 Safe,0.07
unleash.codeium.com.,游릭 Safe,0.07
api2.cursor.sh.,游릭 Safe,0.25
api2.cursor.sh.,游릭 Safe,0.25
api2.cursor.sh.,游릭 Safe,0.25
api2.cursor.sh.,游릭 Safe,0.25
api2.cursor.sh.,游릭 Safe,0.25
api2.cursor.sh.,游릭 Safe,0.25
api2.cursor.sh.,游릭 Safe,0.25
api2.cursor.sh.,游릭 Safe,0.25
api2.cursor.sh.,游릭 Safe,0.25
api2.cursor.sh.,游릭 Safe,0.25
unleash.codeium.com.,游릭 Safe,0.07
unleash.codeium.com.,游릭 Safe,0.07
unleash.codeium.com.,游릭 Safe,0.07
unleash.codeium.com.,游릭 Safe,0.07
ssl.gstatic.com.,游릭 Safe,0.52
ssl.gstatic.com.,游릭 Safe,0.52
ssl.gstatic.com.,游릭 Safe,0.52
ssl.gstatic.com.,游릭 Safe,0.52
drivefrontend-pa.clients6.google.com.,游릭 Safe,26.74
drivefrontend-pa.clients6.google.com.,游릭 Safe,26.74
drivefrontend-pa.clients6.google.com.,游릭 Safe,26.74
drivefrontend-pa.clients6.google.com.,游릭 Safe,26.74
www.google.com.,游릭 Safe,1.22
www.google.com.,游릭 Safe,1.22
www.google.com.,游릭 Safe,1.22
www.google.com.,游릭 Safe,1.22
www.google.com.,游릭 Safe,1.22
clients4.google.com.,游릭 Safe,1.95
clients4.google.com.,游릭 Safe,1.95
clients4.google.com.,游릭 Safe,1.95
clients4.google.com.,游릭 Safe,1.95
clients4.google.com.,游릭 Safe,1.95
play.google.com.,游릭 Safe,0.3
play.google.com.,游릭 Safe,0.3
play.google.com.,游릭 Safe,0.3
play.google.com.,游릭 Safe,0.3
www.msftconnecttest.com.,游릭 Safe,24.06
www.msftconnecttest.com.,游릭 Safe,24.06
ipv6.msftconnecttest.com.,游릭 Safe,19.73
ipv6.msftconnecttest.com.,游릭 Safe,19.73
www.msftconnecttest.com.,游릭 Safe,24.06
leetcode.com.,游릭 Safe,54.31
leetcode.com.,游릭 Safe,54.31
leetcode.com.,游릭 Safe,54.31
googleads.g.doubleclick.net.,游릭 Safe,0.95
googleads.g.doubleclick.net.,游릭 Safe,0.95
googleads.g.doubleclick.net.,游릭 Safe,0.95
leetcode.com.,游릭 Safe,54.31
googleads.g.doubleclick.net.,游릭 Safe,0.95
g.alicdn.com.,游릭 Safe,0.34
g.alicdn.com.,游릭 Safe,0.34
g.alicdn.com.,游릭 Safe,0.34
g.alicdn.com.,游릭 Safe,0.34
optimizationguide-pa.googleapis.com.,游릭 Safe,46.29
optimizationguide-pa.googleapis.com.,游릭 Safe,46.29
optimizationguide-pa.googleapis.com.,游릭 Safe,46.29
takeuforward.org.,游릭 Safe,50.01
takeuforward.org.,游릭 Safe,50.01
takeuforward.org.,游릭 Safe,50.01
di.prd.bureau.id.,游릭 Safe,2.45
di.prd.bureau.id.,游릭 Safe,2.45
di.prd.bureau.id.,游릭 Safe,2.45
static.testpress.in.,游릭 Safe,1.47
static.testpress.in.,游릭 Safe,1.47
static.testpress.in.,游릭 Safe,1.47
safebrowsing.google.com.,游릭 Safe,2.52
safebrowsing.google.com.,游릭 Safe,2.52
safebrowsing.google.com.,游릭 Safe,2.52
optimizationguide-pa.googleapis.com.,游릭 Safe,46.29
optimizationguide-pa.googleapis.com.,游릭 Safe,46.29
di.prd.bureau.id.,游릭 Safe,2.45
di.prd.bureau.id.,游릭 Safe,2.45
safebrowsing.google.com.,游릭 Safe,2.52
checkout.razorpay.com.,游릭 Safe,0.05
checkout.razorpay.com.,游릭 Safe,0.05
checkout.razorpay.com.,游릭 Safe,0.05
safebrowsing.google.com.,游릭 Safe,2.52
checkout.razorpay.com.,游릭 Safe,0.05
checkout.razorpay.com.,游릭 Safe,0.05
checkout.razorpay.com.,游릭 Safe,0.05
fonts.googleapis.com.,游릭 Safe,0.0
fonts.googleapis.com.,游릭 Safe,0.0
fonts.googleapis.com.,游릭 Safe,0.0
fonts.googleapis.com.,游릭 Safe,0.0
fonts.googleapis.com.,游릭 Safe,0.0
fonts.googleapis.com.,游릭 Safe,0.0
accounts.google.com.,游릭 Safe,0.05
accounts.google.com.,游릭 Safe,0.05
accounts.google.com.,游릭 Safe,0.05
accounts.google.com.,游릭 Safe,0.05
takeuforward.org.,游릭 Safe,50.01
fonts.gstatic.com.,游릭 Safe,0.38
fonts.gstatic.com.,游릭 Safe,0.38
fonts.gstatic.com.,游릭 Safe,0.38
analytics.google.com.,游릭 Safe,0.0
analytics.google.com.,游릭 Safe,0.0
analytics.google.com.,游릭 Safe,0.0
www.google.co.in.,游릭 Safe,2.05
www.google.co.in.,游릭 Safe,2.05
www.google.co.in.,游릭 Safe,2.05
fonts.gstatic.com.,游릭 Safe,0.38
fonts.gstatic.com.,游릭 Safe,0.38
www.google.co.in.,游릭 Safe,2.05
analytics.google.com.,游릭 Safe,0.0
analytics.google.com.,游릭 Safe,0.0
www.google.co.in.,游릭 Safe,2.05
www.google.co.in.,游릭 Safe,2.05
pagead2.googlesyndication.com.,游릭 Safe,42.21
pagead2.googlesyndication.com.,游릭 Safe,42.21
pagead2.googlesyndication.com.,游릭 Safe,42.21
pagead2.googlesyndication.com.,游릭 Safe,42.21
pagead2.googlesyndication.com.,游릭 Safe,42.21
pagead2.googlesyndication.com.,游릭 Safe,42.21
o6871.ingest.sentry.io.,游릭 Safe,0.25
o6871.ingest.sentry.io.,游릭 Safe,0.25
o6871.ingest.sentry.io.,游릭 Safe,0.25
o6871.ingest.sentry.io.,游릭 Safe,0.25
o6871.ingest.sentry.io.,游릭 Safe,0.25
o6871.ingest.sentry.io.,游릭 Safe,0.25
api.razorpay.com.,游릭 Safe,0.0
api.razorpay.com.,游릭 Safe,0.0
ogads-pa.clients6.google.com.,游릭 Safe,0.0
play.google.com.,游릭 Safe,0.3
play.google.com.,游릭 Safe,0.3
play.google.com.,游릭 Safe,0.3
encrypted-tbn0.gstatic.com.,游릭 Safe,26.23
encrypted-tbn0.gstatic.com.,游릭 Safe,26.23
encrypted-tbn0.gstatic.com.,游릭 Safe,26.23
ogads-pa.clients6.google.com.,游릭 Safe,0.0
play.google.com.,游릭 Safe,0.3
play.google.com.,游릭 Safe,0.3
play.google.com.,游릭 Safe,0.3
encrypted-tbn0.gstatic.com.,游릭 Safe,26.23
encrypted-tbn0.gstatic.com.,游릭 Safe,26.23
encrypted-tbn0.gstatic.com.,游릭 Safe,26.23
lh3.googleusercontent.com.,游릭 Safe,30.4
lh3.googleusercontent.com.,游릭 Safe,30.4
googleads.g.doubleclick.net.,游릭 Safe,0.95
googleads.g.doubleclick.net.,游릭 Safe,0.95
googleads.g.doubleclick.net.,游릭 Safe,0.95
static.doubleclick.net.,游릭 Safe,0.47
static.doubleclick.net.,游릭 Safe,0.47
static.doubleclick.net.,游릭 Safe,0.47
googleads.g.doubleclick.net.,游릭 Safe,0.95
static.doubleclick.net.,游릭 Safe,0.47
www.facebook.com.,游릭 Safe,0.18
www.facebook.com.,游릭 Safe,0.18
www.facebook.com.,游릭 Safe,0.18
www.facebook.com.,游릭 Safe,0.18
www.facebook.com.,游릭 Safe,0.18
www.facebook.com.,游릭 Safe,0.18
z-m-static.xx.fbcdn.net.,游릭 Safe,8.22
z-m-static.xx.fbcdn.net.,游릭 Safe,8.22
z-m-static.xx.fbcdn.net.,游릭 Safe,8.22
z-m-static.xx.fbcdn.net.,游릭 Safe,8.22
z-m-static.xx.fbcdn.net.,游릭 Safe,8.22
z-m-static.xx.fbcdn.net.,游릭 Safe,8.22
www.gstatic.com.,游릭 Safe,0.52
www.gstatic.com.,游릭 Safe,0.52
www.gstatic.com.,游릭 Safe,0.52
www.gstatic.com.,游릭 Safe,0.52
www.gstatic.com.,游릭 Safe,0.52
www.gstatic.com.,游릭 Safe,0.52
checkout-static-next.razorpay.com.,游릭 Safe,44.88
checkout-static-next.razorpay.com.,游릭 Safe,44.88
checkout-static-next.razorpay.com.,游릭 Safe,44.88
checkout-static-next.razorpay.com.,游릭 Safe,44.88
checkout-static-next.razorpay.com.,游릭 Safe,44.88
checkout-static-next.razorpay.com.,游릭 Safe,44.88
static.xx.fbcdn.net.,游릭 Safe,0.33
static.xx.fbcdn.net.,游릭 Safe,0.33
static.xx.fbcdn.net.,游릭 Safe,0.33
static.xx.fbcdn.net.,游릭 Safe,0.33
facebook.com.,游릭 Safe,54.21
facebook.com.,游릭 Safe,54.21
facebook.com.,游릭 Safe,54.21
facebook.com.,游릭 Safe,54.21
facebook.com.,游릭 Safe,54.21
facebook.com.,游릭 Safe,54.21
content-autofill.googleapis.com.,游릭 Safe,38.1
content-autofill.googleapis.com.,游릭 Safe,38.1
content-autofill.googleapis.com.,游릭 Safe,38.1
content-autofill.googleapis.com.,游릭 Safe,38.1
content-autofill.googleapis.com.,游릭 Safe,38.1
content-autofill.googleapis.com.,游릭 Safe,38.1
jnn-pa.googleapis.com.,游릭 Safe,0.0
jnn-pa.googleapis.com.,游릭 Safe,0.0
jnn-pa.googleapis.com.,游릭 Safe,0.0
jnn-pa.googleapis.com.,游릭 Safe,0.0
www.google-analytics.com.,游릭 Safe,28.27
www.google-analytics.com.,游릭 Safe,28.27
www.google-analytics.com.,游릭 Safe,28.27
www.google-analytics.com.,游릭 Safe,28.27
www.google-analytics.com.,游릭 Safe,28.27
www.google-analytics.com.,游릭 Safe,28.27
beacons.gcp.gvt2.com.,游릭 Safe,0.27
beacons.gcp.gvt2.com.,游릭 Safe,0.27
beacons.gcp.gvt2.com.,游릭 Safe,0.27
beacons.gcp.gvt2.com.,游릭 Safe,0.27
beacons.gcp.gvt2.com.,游릭 Safe,0.27
beacons.gcp.gvt2.com.,游릭 Safe,0.27
accounts.google.com.,游릭 Safe,0.05
accounts.google.com.,游릭 Safe,0.05
accounts.google.com.,游릭 Safe,0.05
accounts.google.com.,游릭 Safe,0.05
accounts.google.com.,游릭 Safe,0.05
accounts.google.com.,游릭 Safe,0.05
collaboration-ws.leetcode.com.,游릭 Safe,36.54
collaboration-ws.leetcode.com.,游릭 Safe,36.54
collaboration-ws.leetcode.com.,游릭 Safe,36.54
collaboration-ws.leetcode.com.,游릭 Safe,36.54
clients4.google.com.,游릭 Safe,1.95
clients4.google.com.,游릭 Safe,1.95
clients4.google.com.,游릭 Safe,1.95
clients4.google.com.,游릭 Safe,1.95
eu1.clevertap-prod.com.,游릭 Safe,11.06
eu1.clevertap-prod.com.,游릭 Safe,11.06
eu1.clevertap-prod.com.,游릭 Safe,11.06
eu1.clevertap-prod.com.,游릭 Safe,11.06
eu1.clevertap-prod.com.,游릭 Safe,11.06
eu1.clevertap-prod.com.,游릭 Safe,11.06
lh3.googleusercontent.com.,游릭 Safe,30.4
lh3.googleusercontent.com.,游릭 Safe,30.4
lh3.googleusercontent.com.,游릭 Safe,30.4
lh3.googleusercontent.com.,游릭 Safe,30.4
api-os.growingio.com.,游릭 Safe,0.0
api-os.growingio.com.,游릭 Safe,0.0
api-os.growingio.com.,游릭 Safe,0.0
www.google-analytics.com.,游릭 Safe,28.27
www.google-analytics.com.,游릭 Safe,28.27
www.google-analytics.com.,游릭 Safe,28.27
stats.g.doubleclick.net.,游릭 Safe,0.73
stats.g.doubleclick.net.,游릭 Safe,0.73
stats.g.doubleclick.net.,游릭 Safe,0.73
api-os.growingio.com.,游릭 Safe,0.0
www.google-analytics.com.,游릭 Safe,28.27
stats.g.doubleclick.net.,游릭 Safe,0.73
threat.api.mcafee.com.,游릭 Safe,0.0
threat.api.mcafee.com.,游릭 Safe,0.0
threat.api.mcafee.com.,游릭 Safe,0.0
threat.api.mcafee.com.,游릭 Safe,0.0
content-autofill.googleapis.com.,游릭 Safe,38.1
content-autofill.googleapis.com.,游릭 Safe,38.1
content-autofill.googleapis.com.,游릭 Safe,38.1
content-autofill.googleapis.com.,游릭 Safe,38.1
content-autofill.googleapis.com.,游릭 Safe,38.1
extend.vimeocdn.com.,游릭 Safe,0.0
extend.vimeocdn.com.,游릭 Safe,0.0
extend.vimeocdn.com.,游릭 Safe,0.0
content-autofill.googleapis.com.,游릭 Safe,38.1
extend.vimeocdn.com.,游릭 Safe,0.0
extend.vimeocdn.com.,游릭 Safe,0.0
extend.vimeocdn.com.,游릭 Safe,0.0
api2.cursor.sh.,游릭 Safe,0.25
api2.cursor.sh.,游릭 Safe,0.25
api2.cursor.sh.,游릭 Safe,0.25
api2.cursor.sh.,游릭 Safe,0.25
assets.leetcode.com.,游릭 Safe,0.26
assets.leetcode.com.,游릭 Safe,0.26
assets.leetcode.com.,游릭 Safe,0.26
assets.leetcode.com.,游릭 Safe,0.26
play.google.com.,游릭 Safe,0.3
play.google.com.,游릭 Safe,0.3
play.google.com.,游릭 Safe,0.3
play.google.com.,游릭 Safe,0.3
api2.cursor.sh.,游릭 Safe,0.25
api2.cursor.sh.,游릭 Safe,0.25
onedrive.live.com.,游릭 Safe,0.05
onedrive.live.com.,游릭 Safe,0.05
onedrive.live.com.,游릭 Safe,0.05
onedrive.live.com.,游릭 Safe,0.05
api2.cursor.sh.,游릭 Safe,0.25
api2.cursor.sh.,游릭 Safe,0.25
www.recaptcha.net.,游릭 Safe,0.61
www.recaptcha.net.,游릭 Safe,0.61
www.recaptcha.net.,游릭 Safe,0.61
www.recaptcha.net.,游릭 Safe,0.61
api2.cursor.sh.,游릭 Safe,0.25
api2.cursor.sh.,游릭 Safe,0.25
www.recaptcha.net.,游릭 Safe,0.61
www.recaptcha.net.,游릭 Safe,0.61
www.recaptcha.net.,游릭 Safe,0.61
www.recaptcha.net.,游릭 Safe,0.61
www.recaptcha.net.,游릭 Safe,0.61
www.recaptcha.net.,游릭 Safe,0.61
api2.cursor.sh.,游릭 Safe,0.25
api2.cursor.sh.,游릭 Safe,0.25
api2.cursor.sh.,游릭 Safe,0.25
api2.cursor.sh.,游릭 Safe,0.25
api2.cursor.sh.,游릭 Safe,0.25
api2.cursor.sh.,游릭 Safe,0.25
api2.cursor.sh.,游릭 Safe,0.25
api2.cursor.sh.,游릭 Safe,0.25
southcentral-lb.codeium.com.,游릭 Safe,29.68
inference.codeium.com.,游릭 Safe,0.0
southcentral-lb.codeium.com.,游릭 Safe,29.68
inference.codeium.com.,游릭 Safe,0.0
southcentral-lb.codeium.com.,游릭 Safe,29.68
southcentral-lb.codeium.com.,游릭 Safe,29.68
southcentral-lb.codeium.com.,游릭 Safe,29.68
southcentral-lb.codeium.com.,游릭 Safe,29.68
southcentral-lb.codeium.com.,游릭 Safe,29.68
southcentral-lb.codeium.com.,游릭 Safe,29.68
southcentral-lb.codeium.com.,游릭 Safe,29.68
southcentral-lb.codeium.com.,游릭 Safe,29.68
unleash.codeium.com.,游릭 Safe,0.07
unleash.codeium.com.,游릭 Safe,0.07
beacons.gcp.gvt2.com.,游릭 Safe,0.27
beacons.gcp.gvt2.com.,游릭 Safe,0.27
beacons.gcp.gvt2.com.,游릭 Safe,0.27
google.com.,游릭 Safe,59.25
google.com.,游릭 Safe,59.25
google.com.,游릭 Safe,59.25
beacons.gcp.gvt2.com.,游릭 Safe,0.27
beacons.gcp.gvt2.com.,游릭 Safe,0.27
google.com.,游릭 Safe,59.25
beacons.gcp.gvt2.com.,游릭 Safe,0.27
www.google.com.,游릭 Safe,1.22
www.google.com.,游릭 Safe,1.22
www.google.com.,游릭 Safe,1.22
www.google.com.,游릭 Safe,1.22
takeuforward.org.,游릭 Safe,50.01
takeuforward.org.,游릭 Safe,50.01
takeuforward.org.,游릭 Safe,50.01
takeuforward.org.,游릭 Safe,50.01
takeuforward.org.,游릭 Safe,50.01
takeuforward.org.,游릭 Safe,50.01
leetcode.com.,游릭 Safe,54.31
leetcode.com.,游릭 Safe,54.31
leetcode.com.,游릭 Safe,54.31
leetcode.com.,游릭 Safe,54.31
www.perplexity.ai.,游릭 Safe,2.41
www.perplexity.ai.,游릭 Safe,2.41
www.perplexity.ai.,游릭 Safe,2.41
www.perplexity.ai.,游릭 Safe,2.41
www.perplexity.ai.,游릭 Safe,2.41
www.perplexity.ai.,游릭 Safe,2.41
pplx-next-static-public.perplexity.ai.,游릭 Safe,48.25
pplx-next-static-public.perplexity.ai.,游릭 Safe,48.25
pplx-next-static-public.perplexity.ai.,游릭 Safe,48.25
optimizationguide-pa.googleapis.com.,游릭 Safe,46.29
optimizationguide-pa.googleapis.com.,游릭 Safe,46.29
optimizationguide-pa.googleapis.com.,游릭 Safe,46.29
pplx-next-static-public.perplexity.ai.,游릭 Safe,48.25
pplx-next-static-public.perplexity.ai.,游릭 Safe,48.25
pplx-next-static-public.perplexity.ai.,游릭 Safe,48.25
optimizationguide-pa.googleapis.com.,游릭 Safe,46.29
optimizationguide-pa.googleapis.com.,游릭 Safe,46.29
optimizationguide-pa.googleapis.com.,游릭 Safe,46.29
static.cloudflareinsights.com.,游릭 Safe,43.34
static.cloudflareinsights.com.,游릭 Safe,43.34
static.cloudflareinsights.com.,游릭 Safe,43.34
static.cloudflareinsights.com.,游릭 Safe,43.34
beacons.gcp.gvt2.com.,游릭 Safe,0.27
beacons.gcp.gvt2.com.,游릭 Safe,0.27
beacons.gcp.gvt2.com.,游릭 Safe,0.27
beacons.gcp.gvt2.com.,游릭 Safe,0.27
beacons.gcp.gvt2.com.,游릭 Safe,0.27
beacons.gcp.gvt2.com.,游릭 Safe,0.27
js.stripe.com.,游릭 Safe,0.22
js.stripe.com.,游릭 Safe,0.22
js.stripe.com.,游릭 Safe,0.22
js.stripe.com.,游릭 Safe,0.22
r2cdn.perplexity.ai.,游릭 Safe,0.43
r2cdn.perplexity.ai.,游릭 Safe,0.43
r2cdn.perplexity.ai.,游릭 Safe,0.43
r2cdn.perplexity.ai.,游릭 Safe,0.43
r2cdn.perplexity.ai.,游릭 Safe,0.43
r2cdn.perplexity.ai.,游릭 Safe,0.43
perplexity-ai.cloudflareaccess.com.,游릭 Safe,38.5
perplexity-ai.cloudflareaccess.com.,游릭 Safe,38.5
perplexity-ai.cloudflareaccess.com.,游릭 Safe,38.5
ah-cdn.merge.dev.,游릭 Safe,0.0
ah-cdn.merge.dev.,游릭 Safe,0.0
ah-cdn.merge.dev.,游릭 Safe,0.0
suggest.perplexity.ai.,游릭 Safe,0.2
suggest.perplexity.ai.,游릭 Safe,0.2
suggest.perplexity.ai.,游릭 Safe,0.2
perplexity-ai.cloudflareaccess.com.,游릭 Safe,38.5
apis.google.com.,游릭 Safe,0.0
apis.google.com.,游릭 Safe,0.0
apis.google.com.,游릭 Safe,0.0
perplexity-ai.cloudflareaccess.com.,游릭 Safe,38.5
perplexity-ai.cloudflareaccess.com.,游릭 Safe,38.5
ah-cdn.merge.dev.,游릭 Safe,0.0
suggest.perplexity.ai.,游릭 Safe,0.2
suggest.perplexity.ai.,游릭 Safe,0.2
suggest.perplexity.ai.,游릭 Safe,0.2
ah-cdn.merge.dev.,游릭 Safe,0.0
apis.google.com.,游릭 Safe,0.0
apis.google.com.,游릭 Safe,0.0
apis.google.com.,游릭 Safe,0.0
fscdn.eppo.cloud.,游릭 Safe,0.0
fscdn.eppo.cloud.,游릭 Safe,0.0
fscdn.eppo.cloud.,游릭 Safe,0.0
ah-cdn.merge.dev.,游릭 Safe,0.0
fscdn.eppo.cloud.,游릭 Safe,0.0
fscdn.eppo.cloud.,游릭 Safe,0.0
fscdn.eppo.cloud.,游릭 Safe,0.0
www.dubcdn.com.,游릭 Safe,7.16
www.dubcdn.com.,游릭 Safe,7.16
www.dubcdn.com.,游릭 Safe,7.16
www.youtube.com.,游릭 Safe,0.43
www.youtube.com.,游릭 Safe,0.43
www.youtube.com.,游릭 Safe,0.43
sdk-api-v1.singular.net.,游릭 Safe,17.51
sdk-api-v1.singular.net.,游릭 Safe,17.51
sdk-api-v1.singular.net.,游릭 Safe,17.51
www.dubcdn.com.,游릭 Safe,7.16
www.dubcdn.com.,游릭 Safe,7.16
www.dubcdn.com.,游릭 Safe,7.16
www.youtube.com.,游릭 Safe,0.43
www.youtube.com.,游릭 Safe,0.43
sdk-api-v1.singular.net.,游릭 Safe,17.51
sdk-api-v1.singular.net.,游릭 Safe,17.51
sdk-api-v1.singular.net.,游릭 Safe,17.51
beacons.gcp.gvt2.com.,游릭 Safe,0.27
beacons.gcp.gvt2.com.,游릭 Safe,0.27
beacons.gcp.gvt2.com.,游릭 Safe,0.27
beacons.gcp.gvt2.com.,游릭 Safe,0.27
beacons.gcp.gvt2.com.,游릭 Safe,0.27
beacons.gcp.gvt2.com.,游릭 Safe,0.27
browser-intake-datadoghq.com.,游댮 Suspicious,75.54
browser-intake-datadoghq.com.,游댮 Suspicious,75.54
browser-intake-datadoghq.com.,游댮 Suspicious,75.54
gemini.google.com.,游릭 Safe,0.27
gemini.google.com.,游릭 Safe,0.27
gemini.google.com.,游릭 Safe,0.27
browser-intake-datadoghq.com.,游댮 Suspicious,75.54
gemini.google.com.,游릭 Safe,0.27
claude.ai.,游릭 Safe,69.56
claude.ai.,游릭 Safe,69.56
claude.ai.,游릭 Safe,69.56
claude.ai.,游릭 Safe,69.56
claude.ai.,游릭 Safe,69.56
claude.ai.,游릭 Safe,69.56
accounts.google.com.,游릭 Safe,0.05
accounts.google.com.,游릭 Safe,0.05
accounts.google.com.,游릭 Safe,0.05
accounts.google.com.,游릭 Safe,0.05
accounts.google.com.,游릭 Safe,0.05
accounts.google.com.,游릭 Safe,0.05
www.signalhire.com.,游릭 Safe,0.09
www.signalhire.com.,游릭 Safe,0.09
www.signalhire.com.,游릭 Safe,0.09
www.signalhire.com.,游릭 Safe,0.09
www.linkedin.com.,游릭 Safe,0.0
www.linkedin.com.,游릭 Safe,0.0
www.linkedin.com.,游릭 Safe,0.0
www.linkedin.com.,游릭 Safe,0.0
ah-cdn.merge.dev.,游릭 Safe,0.0
ah-cdn.merge.dev.,游릭 Safe,0.0
ah-cdn.merge.dev.,游릭 Safe,0.0
ah-cdn.merge.dev.,游릭 Safe,0.0
ah-cdn.merge.dev.,游릭 Safe,0.0
ah-cdn.merge.dev.,游릭 Safe,0.0
static.cloudflareinsights.com.,游릭 Safe,43.34
static.cloudflareinsights.com.,游릭 Safe,43.34
static.cloudflareinsights.com.,游릭 Safe,43.34
static.cloudflareinsights.com.,游릭 Safe,43.34
static.cloudflareinsights.com.,游릭 Safe,43.34
static.cloudflareinsights.com.,游릭 Safe,43.34
imagedelivery.net.,游릭 Safe,53.77
imagedelivery.net.,游릭 Safe,53.77
imagedelivery.net.,游릭 Safe,53.77
imagedelivery.net.,游릭 Safe,53.77
imagedelivery.net.,游릭 Safe,53.77
imagedelivery.net.,游릭 Safe,53.77
beacons.gcp.gvt2.com.,游릭 Safe,0.27
beacons.gcp.gvt2.com.,游릭 Safe,0.27
beacons.gcp.gvt2.com.,游릭 Safe,0.27
beacons.gcp.gvt2.com.,游릭 Safe,0.27
beacons.gcp.gvt2.com.,游릭 Safe,0.27
beacons.gcp.gvt2.com.,游릭 Safe,0.27
www.googletagmanager.com.,游릭 Safe,26.45
www.googletagmanager.com.,游릭 Safe,26.45
www.googletagmanager.com.,游릭 Safe,26.45
www.googletagmanager.com.,游릭 Safe,26.45
www.google.com.,游릭 Safe,1.22
www.google.com.,游릭 Safe,1.22
www.google.com.,游릭 Safe,1.22
www.google.com.,游릭 Safe,1.22
www.google.com.,游릭 Safe,1.22
www.google.com.,游릭 Safe,1.22
googleads.g.doubleclick.net.,游릭 Safe,0.95
googleads.g.doubleclick.net.,游릭 Safe,0.95
googleads.g.doubleclick.net.,游릭 Safe,0.95
www.googletagmanager.com.,游릭 Safe,26.45
www.googletagmanager.com.,游릭 Safe,26.45
www.googletagmanager.com.,游릭 Safe,26.45
www.googletagmanager.com.,游릭 Safe,26.45
www.googletagmanager.com.,游릭 Safe,26.45
googleads.g.doubleclick.net.,游릭 Safe,0.95
googleads.g.doubleclick.net.,游릭 Safe,0.95
googleads.g.doubleclick.net.,游릭 Safe,0.95
www.googletagmanager.com.,游릭 Safe,26.45
www.google.co.in.,游릭 Safe,2.05
www.google.co.in.,游릭 Safe,2.05
www.google.co.in.,游릭 Safe,2.05
www.google.co.in.,游릭 Safe,2.05
www.google.co.in.,游릭 Safe,2.05
www.google.co.in.,游릭 Safe,2.05
edge.fullstory.com.,游릭 Safe,0.0
edge.fullstory.com.,游릭 Safe,0.0
edge.fullstory.com.,游릭 Safe,0.0
edge.fullstory.com.,游릭 Safe,0.0
edge.fullstory.com.,游릭 Safe,0.0
edge.fullstory.com.,游릭 Safe,0.0
a-cdn.anthropic.com.,游릭 Safe,1.05
a-cdn.anthropic.com.,游릭 Safe,1.05
a-cdn.anthropic.com.,游릭 Safe,1.05
a-cdn.anthropic.com.,游릭 Safe,1.05
clients4.google.com.,游릭 Safe,1.95
clients4.google.com.,游릭 Safe,1.95
clients4.google.com.,游릭 Safe,1.95
a-cdn.anthropic.com.,游릭 Safe,1.05
a-cdn.anthropic.com.,游릭 Safe,1.05
clients4.google.com.,游릭 Safe,1.95
clients4.google.com.,游릭 Safe,1.95
clients4.google.com.,游릭 Safe,1.95
js.stripe.com.,游릭 Safe,0.22
js.stripe.com.,游릭 Safe,0.22
js.stripe.com.,游릭 Safe,0.22
js.stripe.com.,游릭 Safe,0.22
js.stripe.com.,游릭 Safe,0.22
js.stripe.com.,游릭 Safe,0.22
d1jtqd47p4drlp.cloudfront.net.,游릭 Safe,36.44
d1jtqd47p4drlp.cloudfront.net.,游릭 Safe,36.44
d1jtqd47p4drlp.cloudfront.net.,游릭 Safe,36.44
d1jtqd47p4drlp.cloudfront.net.,游릭 Safe,36.44
d1jtqd47p4drlp.cloudfront.net.,游릭 Safe,36.44
d1jtqd47p4drlp.cloudfront.net.,游릭 Safe,36.44
d1jtqd47p4drlp.cloudfront.net.,游릭 Safe,36.44
d1jtqd47p4drlp.cloudfront.net.,游릭 Safe,36.44
m.stripe.network.,游릭 Safe,0.19
m.stripe.network.,游릭 Safe,0.19
m.stripe.network.,游릭 Safe,0.19
m.stripe.network.,游릭 Safe,0.19
m.stripe.network.,游릭 Safe,0.19
m.stripe.network.,游릭 Safe,0.19
statsig.anthropic.com.,游릭 Safe,0.48
statsig.anthropic.com.,游릭 Safe,0.48
statsig.anthropic.com.,游릭 Safe,0.48
statsig.anthropic.com.,游릭 Safe,0.48
statsig.anthropic.com.,游릭 Safe,0.48
statsig.anthropic.com.,游릭 Safe,0.48
statsig.anthropic.com.,游릭 Safe,0.48
o469727.ingest.us.sentry.io.,游릭 Safe,1.12
o469727.ingest.us.sentry.io.,游릭 Safe,1.12
o469727.ingest.us.sentry.io.,游릭 Safe,1.12
statsig.anthropic.com.,游릭 Safe,0.48
o469727.ingest.us.sentry.io.,游릭 Safe,1.12
o469727.ingest.us.sentry.io.,游릭 Safe,1.12
o469727.ingest.us.sentry.io.,游릭 Safe,1.12
o469727.ingest.us.sentry.io.,游릭 Safe,1.12
o469727.ingest.us.sentry.io.,游릭 Safe,1.12
widget.intercom.io.,游릭 Safe,0.0
widget.intercom.io.,游릭 Safe,0.0
widget.intercom.io.,游릭 Safe,0.0
widget.intercom.io.,游릭 Safe,0.0
widget.intercom.io.,游릭 Safe,0.0
widget.intercom.io.,游릭 Safe,0.0
js.intercomcdn.com.,游릭 Safe,1.55
js.intercomcdn.com.,游릭 Safe,1.55
js.intercomcdn.com.,游릭 Safe,1.55
js.intercomcdn.com.,游릭 Safe,1.55
api-iam.intercom.io.,游릭 Safe,0.39
api-iam.intercom.io.,游릭 Safe,0.39
api-iam.intercom.io.,游릭 Safe,0.39
a-api.anthropic.com.,游릭 Safe,0.54
a-api.anthropic.com.,游릭 Safe,0.54
api-iam.intercom.io.,游릭 Safe,0.39
api-iam.intercom.io.,游릭 Safe,0.39
a-api.anthropic.com.,游릭 Safe,0.54
api-iam.intercom.io.,游릭 Safe,0.39
s-cdn.anthropic.com.,游릭 Safe,2.35
s-cdn.anthropic.com.,游릭 Safe,2.35
s-cdn.anthropic.com.,游릭 Safe,2.35
a-api.anthropic.com.,游릭 Safe,0.54
s-cdn.anthropic.com.,游릭 Safe,2.35
s-cdn.anthropic.com.,游릭 Safe,2.35
s-cdn.anthropic.com.,游릭 Safe,2.35
connect.facebook.net.,游릭 Safe,0.52
connect.facebook.net.,游릭 Safe,0.52
connect.facebook.net.,游릭 Safe,0.52
connect.facebook.net.,游릭 Safe,0.52
connect.facebook.net.,游릭 Safe,0.52
connect.facebook.net.,游릭 Safe,0.52
api.honeycomb.io.,游릭 Safe,0.54
api.honeycomb.io.,游릭 Safe,0.54
api.honeycomb.io.,游릭 Safe,0.54
api.honeycomb.io.,游릭 Safe,0.54
api.honeycomb.io.,游릭 Safe,0.54
api.honeycomb.io.,游릭 Safe,0.54
nexus-websocket-a.intercom.io.,游릭 Safe,42.22
nexus-websocket-a.intercom.io.,游릭 Safe,42.22
nexus-websocket-a.intercom.io.,游릭 Safe,42.22
nexus-websocket-a.intercom.io.,游릭 Safe,42.22
nexus-websocket-a.intercom.io.,游릭 Safe,42.22
nexus-websocket-a.intercom.io.,游릭 Safe,42.22
m.stripe.com.,游릭 Safe,0.34
m.stripe.com.,游릭 Safe,0.34
m.stripe.com.,游릭 Safe,0.34
m.stripe.com.,游릭 Safe,0.34
m.stripe.com.,游릭 Safe,0.34
m.stripe.com.,游릭 Safe,0.34
repo42.cursor.sh.,游릭 Safe,2.8
repo42.cursor.sh.,游릭 Safe,2.8
repo42.cursor.sh.,游릭 Safe,2.8
repo42.cursor.sh.,游릭 Safe,2.8
collaboration-ws.leetcode.com.,游릭 Safe,36.54
collaboration-ws.leetcode.com.,游릭 Safe,36.54
collaboration-ws.leetcode.com.,游릭 Safe,36.54
collaboration-ws.leetcode.com.,游릭 Safe,36.54
collaboration-ws.leetcode.com.,游릭 Safe,36.54
collaboration-ws.leetcode.com.,游릭 Safe,36.54
api2.cursor.sh.,游릭 Safe,0.25
api2.cursor.sh.,游릭 Safe,0.25
api2.cursor.sh.,游릭 Safe,0.25
api2.cursor.sh.,游릭 Safe,0.25
api2.cursor.sh.,游릭 Safe,0.25
api2.cursor.sh.,游릭 Safe,0.25
api2.cursor.sh.,游릭 Safe,0.25
api2.cursor.sh.,游릭 Safe,0.25
api2.cursor.sh.,游릭 Safe,0.25
api2.cursor.sh.,游릭 Safe,0.25
beacons.gcp.gvt2.com.,游릭 Safe,0.27
beacons.gcp.gvt2.com.,游릭 Safe,0.27
beacons.gcp.gvt2.com.,游릭 Safe,0.27
beacons.gcp.gvt2.com.,游릭 Safe,0.27
beacons.gcp.gvt2.com.,游릭 Safe,0.27
beacons.gcp.gvt2.com.,游릭 Safe,0.27
unleash.codeium.com.,游릭 Safe,0.07
unleash.codeium.com.,游릭 Safe,0.07
music.youtube.com.,游릭 Safe,0.0
music.youtube.com.,游릭 Safe,0.0
music.youtube.com.,游릭 Safe,0.0
music.youtube.com.,游릭 Safe,0.0
music.youtube.com.,游릭 Safe,0.0
music.youtube.com.,游릭 Safe,0.0
google.com.,游릭 Safe,59.25
google.com.,游릭 Safe,59.25
google.com.,游릭 Safe,59.25
google.com.,游릭 Safe,59.25
google.com.,游릭 Safe,59.25
google.com.,游릭 Safe,59.25
pplx-next-static-public.perplexity.ai.,游릭 Safe,48.25
pplx-next-static-public.perplexity.ai.,游릭 Safe,48.25
pplx-next-static-public.perplexity.ai.,游릭 Safe,48.25
pplx-next-static-public.perplexity.ai.,游릭 Safe,48.25
beacons.gcp.gvt2.com.,游릭 Safe,0.27
beacons.gcp.gvt2.com.,游릭 Safe,0.27
beacons.gcp.gvt2.com.,游릭 Safe,0.27
beacons.gcp.gvt2.com.,游릭 Safe,0.27
beacons.gcp.gvt2.com.,游릭 Safe,0.27
beacons.gcp.gvt2.com.,游릭 Safe,0.27
www.facebook.com.,游릭 Safe,0.18
www.facebook.com.,游릭 Safe,0.18
www.facebook.com.,游릭 Safe,0.18
www.facebook.com.,游릭 Safe,0.18
www.facebook.com.,游릭 Safe,0.18
www.facebook.com.,游릭 Safe,0.18
chatgpt.com.,游릭 Safe,58.42
chatgpt.com.,游릭 Safe,58.42
chatgpt.com.,游릭 Safe,58.42
chatgpt.com.,游릭 Safe,58.42
chatgpt.com.,游릭 Safe,58.42
chatgpt.com.,游릭 Safe,58.42
ws.chatgpt.com.,游릭 Safe,3.98
ws.chatgpt.com.,游릭 Safe,3.98
ws.chatgpt.com.,游릭 Safe,3.98
ws.chatgpt.com.,游릭 Safe,3.98
ws.chatgpt.com.,游릭 Safe,3.98
ws.chatgpt.com.,游릭 Safe,3.98
qw8e7sd89asd7asd98as7d.data-tunnel.xyz.,游댮 Suspicious,97.14
qw8e7sd89asd7asd98as7d.data-tunnel.xyz.,游댮 Suspicious,97.14
abc123def456ghi789.jkl987mno654pqrs321.dns-leak.io.,游댮 Suspicious,95.1
abc123def456ghi789.jkl987mno654pqrs321.dns-leak.io.,游댮 Suspicious,95.1
vj39x0snajsd093ndjsa03d9as0d9js.tunneldata.tk.,游댮 Suspicious,97.04
vj39x0snajsd093ndjsa03d9as0d9js.tunneldata.tk.,游댮 Suspicious,97.04
dnsdata-transfer-98374.dnssec-bypass.top.,游댮 Suspicious,96.94
dnsdata-transfer-98374.dnssec-bypass.top.,游댮 Suspicious,96.94
7sd8sd78as9d8asd7asd78asd7d.tunnel-server.cf.,游댮 Suspicious,95.38
7sd8sd78as9d8asd7asd78asd7d.tunnel-server.cf.,游댮 Suspicious,95.38
9ds8d7as7das8d7a8sd7asd98asd9asd89asd9.asd8asd.tunnelhost.gq.,游댮 Suspicious,95.05
9ds8d7as7das8d7a8sd7asd98asd9asd89asd9.asd8asd.tunnelhost.gq.,游댮 Suspicious,95.05
repo42.cursor.sh.,游릭 Safe,2.8
mobile.events.data.microsoft.com.,游댮 Suspicious,13.97
repo42.cursor.sh.,游릭 Safe,2.8
mobile.events.data.microsoft.com.,游댮 Suspicious,13.97
repo42.cursor.sh.,游릭 Safe,2.8
repo42.cursor.sh.,游릭 Safe,2.8
mobile.events.data.microsoft.com.,游댮 Suspicious,13.97
mobile.events.data.microsoft.com.,游댮 Suspicious,13.97
repo42.cursor.sh.,游릭 Safe,2.8
s7.addthis.com.,游릭 Safe,0.17
s7.addthis.com.,游릭 Safe,0.17
s7.addthis.com.,游릭 Safe,0.17
s7.addthis.com.,游릭 Safe,0.17
wpad.sit.local.,游릭 Safe,0.0
wpad.sit.local.,游릭 Safe,0.0
wpad.sit.local.,游릭 Safe,0.0
wpad.sit.local.,游릭 Safe,0.0
repo42.cursor.sh.,游릭 Safe,2.8
repo42.cursor.sh.,游릭 Safe,2.8
repo42.cursor.sh.,游릭 Safe,2.8
repo42.cursor.sh.,游릭 Safe,2.8
repo42.cursor.sh.,游릭 Safe,2.8
api2.cursor.sh.,游릭 Safe,0.25
api2.cursor.sh.,游릭 Safe,0.25
api2.cursor.sh.,游릭 Safe,0.25
api2.cursor.sh.,游릭 Safe,0.25
api2.cursor.sh.,游릭 Safe,0.25
api2.cursor.sh.,游릭 Safe,0.25
wpad.sit.local.,游릭 Safe,0.0
api2.cursor.sh.,游릭 Safe,0.25
wpad.sit.local.,游릭 Safe,0.0
wpad.sit.local.,游릭 Safe,0.0
wpad.sit.local.,游릭 Safe,0.0
api2.cursor.sh.,游릭 Safe,0.25
api2.cursor.sh.,游릭 Safe,0.25
api2.cursor.sh.,游릭 Safe,0.25
api2.cursor.sh.,游릭 Safe,0.25
api2.cursor.sh.,游릭 Safe,0.25
api2.cursor.sh.,游릭 Safe,0.25
api2.cursor.sh.,游릭 Safe,0.25
api2.cursor.sh.,游릭 Safe,0.25
marketplace.cursorapi.com.,游릭 Safe,3.64
marketplace.cursorapi.com.,游릭 Safe,3.64
marketplace.cursorapi.com.,游릭 Safe,3.64
marketplace.cursorapi.com.,游릭 Safe,3.64
api3.cursor.sh.,游릭 Safe,0.25
api3.cursor.sh.,游릭 Safe,0.25
api3.cursor.sh.,游릭 Safe,0.25
api3.cursor.sh.,游릭 Safe,0.25
api2.cursor.sh.,游릭 Safe,0.25
api2.cursor.sh.,游릭 Safe,0.25
api2.cursor.sh.,游릭 Safe,0.25
api2.cursor.sh.,游릭 Safe,0.25
mobile.events.data.microsoft.com.,游댮 Suspicious,13.97
mobile.events.data.microsoft.com.,游댮 Suspicious,13.97
mobile.events.data.microsoft.com.,游댮 Suspicious,13.97
mobile.events.data.microsoft.com.,游댮 Suspicious,13.97
us-only.gcpp.cursor.sh.,游릭 Safe,1.02
us-only.gcpp.cursor.sh.,游릭 Safe,1.02
us-only.gcpp.cursor.sh.,游릭 Safe,1.02
us-only.gcpp.cursor.sh.,游릭 Safe,1.02
mobile.events.data.microsoft.com.,游댮 Suspicious,13.97
mobile.events.data.microsoft.com.,游댮 Suspicious,13.97
mobile.events.data.microsoft.com.,游댮 Suspicious,13.97
mobile.events.data.microsoft.com.,游댮 Suspicious,13.97
api2.cursor.sh.,游릭 Safe,0.25
api2.cursor.sh.,游릭 Safe,0.25
api2.cursor.sh.,游릭 Safe,0.25
api2.cursor.sh.,游릭 Safe,0.25
mobile.events.data.microsoft.com.,游댮 Suspicious,13.97
mobile.events.data.microsoft.com.,游댮 Suspicious,13.97
mobile.events.data.microsoft.com.,游댮 Suspicious,13.97
mobile.events.data.microsoft.com.,游댮 Suspicious,13.97
api2.cursor.sh.,游릭 Safe,0.25
api2.cursor.sh.,游릭 Safe,0.25
api2.cursor.sh.,游릭 Safe,0.25
api2.cursor.sh.,游릭 Safe,0.25
wpad.sit.local.,游릭 Safe,0.0
wpad.sit.local.,游릭 Safe,0.0
wpad.sit.local.,游릭 Safe,0.0
wpad.sit.local.,游릭 Safe,0.0
api2.cursor.sh.,游릭 Safe,0.25
api2.cursor.sh.,游릭 Safe,0.25
api2.cursor.sh.,游릭 Safe,0.25
api2.cursor.sh.,游릭 Safe,0.25
repo42.cursor.sh.,游릭 Safe,2.8
repo42.cursor.sh.,游릭 Safe,2.8
repo42.cursor.sh.,游릭 Safe,2.8
repo42.cursor.sh.,游릭 Safe,2.8
g.whatsapp.net.,游릭 Safe,1.31
g.whatsapp.net.,游릭 Safe,1.31
g.whatsapp.net.,游릭 Safe,1.31
g.whatsapp.net.,游릭 Safe,1.31
api2.cursor.sh.,游릭 Safe,0.25
api2.cursor.sh.,游릭 Safe,0.25
api2.cursor.sh.,游릭 Safe,0.25
api2.cursor.sh.,游릭 Safe,0.25
api2.cursor.sh.,游릭 Safe,0.25
api2.cursor.sh.,游릭 Safe,0.25
wpad.sit.local.,游릭 Safe,0.0
api2.cursor.sh.,游릭 Safe,0.25
api2.cursor.sh.,游릭 Safe,0.25
wpad.sit.local.,游릭 Safe,0.0
wpad.sit.local.,游릭 Safe,0.0
wpad.sit.local.,游릭 Safe,0.0
self.events.data.microsoft.com.,游댮 Suspicious,13.5
self.events.data.microsoft.com.,游댮 Suspicious,13.5
self.events.data.microsoft.com.,游댮 Suspicious,13.5
api2.cursor.sh.,游릭 Safe,0.25
api2.cursor.sh.,游릭 Safe,0.25
api2.cursor.sh.,游릭 Safe,0.25
api2.cursor.sh.,游릭 Safe,0.25
api2.cursor.sh.,游릭 Safe,0.25
api2.cursor.sh.,游릭 Safe,0.25
api2.cursor.sh.,游릭 Safe,0.25
mobile.events.data.microsoft.com.,游댮 Suspicious,13.97
mobile.events.data.microsoft.com.,游댮 Suspicious,13.97
mobile.events.data.microsoft.com.,游댮 Suspicious,13.97
mobile.events.data.microsoft.com.,游댮 Suspicious,13.97
e360-ray-service.wigzopush.com.,游릭 Safe,52.4
e360-ray-service.wigzopush.com.,游릭 Safe,52.4
e360-ray-service.wigzopush.com.,游릭 Safe,52.4
e360-ray-service.wigzopush.com.,游릭 Safe,52.4
e360-ray-service.wigzopush.com.,游릭 Safe,52.4
e360-ray-service.wigzopush.com.,游릭 Safe,52.4
pplx-next-static-public.perplexity.ai.,游릭 Safe,48.25
pplx-next-static-public.perplexity.ai.,游릭 Safe,48.25
pplx-next-static-public.perplexity.ai.,游릭 Safe,48.25
pplx-next-static-public.perplexity.ai.,游릭 Safe,48.25
pplx-next-static-public.perplexity.ai.,游릭 Safe,48.25
pplx-next-static-public.perplexity.ai.,游릭 Safe,48.25
music.youtube.com.,游릭 Safe,0.0
music.youtube.com.,游릭 Safe,0.0
music.youtube.com.,游릭 Safe,0.0
music.youtube.com.,游릭 Safe,0.0
music.youtube.com.,游릭 Safe,0.0
music.youtube.com.,游릭 Safe,0.0
o4507463137361920.ingest.us.sentry.io.,游릭 Safe,41.17
o4507463137361920.ingest.us.sentry.io.,游릭 Safe,41.17
o4507463137361920.ingest.us.sentry.io.,游릭 Safe,41.17
o4507463137361920.ingest.us.sentry.io.,游릭 Safe,41.17
o4507463137361920.ingest.us.sentry.io.,游릭 Safe,41.17
o4507463137361920.ingest.us.sentry.io.,游릭 Safe,41.17
ssl.gstatic.com.,游릭 Safe,0.52
ssl.gstatic.com.,游릭 Safe,0.52
ssl.gstatic.com.,游릭 Safe,0.52
ssl.gstatic.com.,游릭 Safe,0.52
ssl.gstatic.com.,游릭 Safe,0.52
ssl.gstatic.com.,游릭 Safe,0.52
bam.nr-data.net.,游댮 Suspicious,7.14
bam.nr-data.net.,游댮 Suspicious,7.14
bam.nr-data.net.,游댮 Suspicious,7.14
bam.nr-data.net.,游댮 Suspicious,7.14
bam.nr-data.net.,游댮 Suspicious,7.14
bam.nr-data.net.,游댮 Suspicious,7.14
193369-ipv4fdsmte.gr.global.aa-rt.sharepoint.com.,游릭 Safe,51.3
193369-ipv4fdsmte.gr.global.aa-rt.sharepoint.com.,游릭 Safe,51.3
193369-ipv4fdsmte.gr.global.aa-rt.sharepoint.com.,游릭 Safe,51.3
193369-ipv4fdsmte.gr.global.aa-rt.sharepoint.com.,游릭 Safe,51.3
optimizationguide-pa.googleapis.com.,游릭 Safe,46.29
optimizationguide-pa.googleapis.com.,游릭 Safe,46.29
optimizationguide-pa.googleapis.com.,游릭 Safe,46.29
leetcode.com.,游릭 Safe,54.31
leetcode.com.,游릭 Safe,54.31
leetcode.com.,游릭 Safe,54.31
g.alicdn.com.,游릭 Safe,0.34
g.alicdn.com.,游릭 Safe,0.34
g.alicdn.com.,游릭 Safe,0.34
assets.leetcode.com.,游릭 Safe,0.26
assets.leetcode.com.,游릭 Safe,0.26
assets.leetcode.com.,游릭 Safe,0.26
optimizationguide-pa.googleapis.com.,游릭 Safe,46.29
assets.giocdn.com.,游릭 Safe,0.0
assets.giocdn.com.,游릭 Safe,0.0
assets.giocdn.com.,游릭 Safe,0.0
www.google-analytics.com.,游릭 Safe,28.27
www.google-analytics.com.,游릭 Safe,28.27
www.google-analytics.com.,游릭 Safe,28.27
www.google-analytics.com.,游릭 Safe,28.27
www.googletagmanager.com.,游릭 Safe,26.45
www.googletagmanager.com.,游릭 Safe,26.45
www.googletagmanager.com.,游릭 Safe,26.45
www.googletagmanager.com.,游릭 Safe,26.45
static.leetcode.cn.,游릭 Safe,0.13
static.leetcode.cn.,游릭 Safe,0.13
static.leetcode.cn.,游릭 Safe,0.13
static.leetcode.cn.,游릭 Safe,0.13
static.leetcode.cn.,游릭 Safe,0.13
static.leetcode.cn.,游릭 Safe,0.13
beacons.gcp.gvt2.com.,游릭 Safe,0.27
beacons.gcp.gvt2.com.,游릭 Safe,0.27
beacons.gcp.gvt2.com.,游릭 Safe,0.27
beacons.gcp.gvt2.com.,游릭 Safe,0.27
assets.leetcode.com.,游릭 Safe,0.26
assets.leetcode.com.,游릭 Safe,0.26
assets.leetcode.com.,游릭 Safe,0.26
assets.leetcode.com.,游릭 Safe,0.26
assets.leetcode.com.,游릭 Safe,0.26
assets.giocdn.com.,游릭 Safe,0.0
assets.giocdn.com.,游릭 Safe,0.0
assets.giocdn.com.,游릭 Safe,0.0
analytics.google.com.,游릭 Safe,0.0
analytics.google.com.,游릭 Safe,0.0
analytics.google.com.,游릭 Safe,0.0
www.google.co.in.,游릭 Safe,2.05
www.google.co.in.,游릭 Safe,2.05
www.google.co.in.,游릭 Safe,2.05
analytics.google.com.,游릭 Safe,0.0
www.google.co.in.,游릭 Safe,2.05
www.google.co.in.,游릭 Safe,2.05
analytics.google.com.,游릭 Safe,0.0
analytics.google.com.,游릭 Safe,0.0
www.google.co.in.,游릭 Safe,2.05
extend.vimeocdn.com.,游릭 Safe,0.0
extend.vimeocdn.com.,游릭 Safe,0.0
extend.vimeocdn.com.,游릭 Safe,0.0
extend.vimeocdn.com.,游릭 Safe,0.0
extend.vimeocdn.com.,游릭 Safe,0.0
extend.vimeocdn.com.,游릭 Safe,0.0
assets.leetcode.com.,游릭 Safe,0.26
assets.leetcode.com.,游릭 Safe,0.26
www.recaptcha.net.,游릭 Safe,0.61
www.recaptcha.net.,游릭 Safe,0.61
www.recaptcha.net.,游릭 Safe,0.61
stats.g.doubleclick.net.,游릭 Safe,0.73
stats.g.doubleclick.net.,游릭 Safe,0.73
stats.g.doubleclick.net.,游릭 Safe,0.73
www.recaptcha.net.,游릭 Safe,0.61
stats.g.doubleclick.net.,游릭 Safe,0.73
stats.g.doubleclick.net.,游릭 Safe,0.73
stats.g.doubleclick.net.,游릭 Safe,0.73
www.recaptcha.net.,游릭 Safe,0.61
www.recaptcha.net.,游릭 Safe,0.61
www.recaptcha.net.,游릭 Safe,0.61
assets.leetcode.com.,游릭 Safe,0.26
www.recaptcha.net.,游릭 Safe,0.61
www.recaptcha.net.,游릭 Safe,0.61
www.recaptcha.net.,游릭 Safe,0.61
assets.giocdn.com.,游릭 Safe,0.0
assets.giocdn.com.,游릭 Safe,0.0
assets.leetcode.com.,游릭 Safe,0.26
o6871.ingest.sentry.io.,游릭 Safe,0.25
o6871.ingest.sentry.io.,游릭 Safe,0.25
o6871.ingest.sentry.io.,游릭 Safe,0.25
o6871.ingest.sentry.io.,游릭 Safe,0.25
api-os.growingio.com.,游릭 Safe,0.0
api-os.growingio.com.,游릭 Safe,0.0
api-os.growingio.com.,游릭 Safe,0.0
api-os.growingio.com.,游릭 Safe,0.0
api-os.growingio.com.,游릭 Safe,0.0
api-os.growingio.com.,游릭 Safe,0.0
statsig.anthropic.com.,游릭 Safe,0.48
statsig.anthropic.com.,游릭 Safe,0.48
statsig.anthropic.com.,游릭 Safe,0.48
a-api.anthropic.com.,游릭 Safe,0.54
a-api.anthropic.com.,游릭 Safe,0.54
a-api.anthropic.com.,游릭 Safe,0.54
nexus-websocket-a.intercom.io.,游릭 Safe,42.22
nexus-websocket-a.intercom.io.,游릭 Safe,42.22
nexus-websocket-a.intercom.io.,游릭 Safe,42.22
claude.ai.,游릭 Safe,69.56
claude.ai.,游릭 Safe,69.56
claude.ai.,游릭 Safe,69.56
statsig.anthropic.com.,游릭 Safe,0.48
nexus-websocket-a.intercom.io.,游릭 Safe,42.22
collaboration-ws.leetcode.com.,游릭 Safe,36.54
collaboration-ws.leetcode.com.,游릭 Safe,36.54
collaboration-ws.leetcode.com.,游릭 Safe,36.54
collaboration-ws.leetcode.com.,游릭 Safe,36.54
a-cdn.anthropic.com.,游릭 Safe,1.05
a-cdn.anthropic.com.,游릭 Safe,1.05
a-cdn.anthropic.com.,游릭 Safe,1.05
s-cdn.anthropic.com.,游릭 Safe,2.35
s-cdn.anthropic.com.,游릭 Safe,2.35
s-cdn.anthropic.com.,游릭 Safe,2.35
a-cdn.anthropic.com.,游릭 Safe,1.05
a-cdn.anthropic.com.,游릭 Safe,1.05
a-cdn.anthropic.com.,游릭 Safe,1.05
s-cdn.anthropic.com.,游릭 Safe,2.35
s-cdn.anthropic.com.,游릭 Safe,2.35
s-cdn.anthropic.com.,游릭 Safe,2.35
widget.intercom.io.,游릭 Safe,0.0
widget.intercom.io.,游릭 Safe,0.0
widget.intercom.io.,游릭 Safe,0.0
widget.intercom.io.,游릭 Safe,0.0
api-iam.intercom.io.,游릭 Safe,0.39
api-iam.intercom.io.,游릭 Safe,0.39
api-iam.intercom.io.,游릭 Safe,0.39
api-iam.intercom.io.,游릭 Safe,0.39
api.honeycomb.io.,游릭 Safe,0.54
api.honeycomb.io.,游릭 Safe,0.54
api.honeycomb.io.,游릭 Safe,0.54
api.honeycomb.io.,游릭 Safe,0.54
api.honeycomb.io.,游릭 Safe,0.54
api.honeycomb.io.,游릭 Safe,0.54
windsurf-telemetry.codeium.com.,游릭 Safe,43.0
windsurf-telemetry.codeium.com.,游릭 Safe,43.0
windsurf-telemetry.codeium.com.,游릭 Safe,43.0
windsurf-telemetry.codeium.com.,游릭 Safe,43.0
windsurf-telemetry.codeium.com.,游릭 Safe,43.0
windsurf-telemetry.codeium.com.,游릭 Safe,43.0
unleash.codeium.com.,游릭 Safe,0.07
unleash.codeium.com.,游릭 Safe,0.07
www.signalhire.com.,游릭 Safe,0.09
www.signalhire.com.,游릭 Safe,0.09
www.signalhire.com.,游릭 Safe,0.09
www.signalhire.com.,游릭 Safe,0.09
www.signalhire.com.,游릭 Safe,0.09
www.signalhire.com.,游릭 Safe,0.09
www.linkedin.com.,游릭 Safe,0.0
www.linkedin.com.,游릭 Safe,0.0
www.linkedin.com.,游릭 Safe,0.0
www.linkedin.com.,游릭 Safe,0.0
beacons.gcp.gvt2.com.,游릭 Safe,0.27
beacons.gcp.gvt2.com.,游릭 Safe,0.27
beacons.gcp.gvt2.com.,游릭 Safe,0.27
beacons.gcp.gvt2.com.,游릭 Safe,0.27
e360-ray-service.wigzopush.com.,游릭 Safe,52.4
e360-ray-service.wigzopush.com.,游릭 Safe,52.4
e360-ray-service.wigzopush.com.,游릭 Safe,52.4
e360-ray-service.wigzopush.com.,游릭 Safe,52.4
browser-intake-datadoghq.com.,游댮 Suspicious,75.54
browser-intake-datadoghq.com.,游댮 Suspicious,75.54
browser-intake-datadoghq.com.,游댮 Suspicious,75.54
browser-intake-datadoghq.com.,游댮 Suspicious,75.54
www.google.com.,游릭 Safe,1.22
www.google.com.,游릭 Safe,1.22
www.google.com.,游릭 Safe,1.22
www.google.com.,游릭 Safe,1.22
unleash.codeium.com.,游릭 Safe,0.07
unleash.codeium.com.,游릭 Safe,0.07
clients4.google.com.,游릭 Safe,1.95
clients4.google.com.,游릭 Safe,1.95
clients4.google.com.,游릭 Safe,1.95
clients4.google.com.,游릭 Safe,1.95
e360-ray-service.wigzopush.com.,游릭 Safe,52.4
e360-ray-service.wigzopush.com.,游릭 Safe,52.4
e360-ray-service.wigzopush.com.,游릭 Safe,52.4
e360-ray-service.wigzopush.com.,游릭 Safe,52.4
e360-ray-service.wigzopush.com.,游릭 Safe,52.4
e360-ray-service.wigzopush.com.,游릭 Safe,52.4
api.honeycomb.io.,游릭 Safe,0.54
api.honeycomb.io.,游릭 Safe,0.54
api.honeycomb.io.,游릭 Safe,0.54
api.honeycomb.io.,游릭 Safe,0.54
ssl.gstatic.com.,游릭 Safe,0.52
ssl.gstatic.com.,游릭 Safe,0.52
ssl.gstatic.com.,游릭 Safe,0.52
ssl.gstatic.com.,游릭 Safe,0.52
ssl.gstatic.com.,游릭 Safe,0.52
ssl.gstatic.com.,游릭 Safe,0.52
a1b2c3d4e5f6.g00gle-update.xyz.,游댮 Suspicious,52.47
lkj32sd9fk3j4h5d8s7a6.malcheck.info.,游댮 Suspicious,63.6
cmd.execserver.net.,游릭 Safe,0.99
xn--h9a9b7b6dns.dataxfil.com.,游댮 Suspicious,92.89
abcd1234efgh5678ijkl91011.payload-tunnel.co.,游댮 Suspicious,99.83
test1.malwarecheck.top.,游릭 Safe,17.45
data.channel.c2server.tk.,游댮 Suspicious,25.35
qwerty98765.randomdns.space.,游댮 Suspicious,82.49
suspicioussubdomain12345.xfiltr.biz.,游댮 Suspicious,97.48
aHR0cHM6Ly93d3cubWFsaWNpb3VzLmRucy50b3A=.encodedattack.org.,游댮 Suspicious,64.56
kr8d9f7g6h5j4k3l2m1.netsrv-update.xyz.,游댮 Suspicious,59.76
3f7e9b1c2a4d6e8f.payload-dns.info.,游댮 Suspicious,92.13
aHR0cHM6Ly9jdG4uY29tLmV4YW1wbGU=.exfilt.org.,游댮 Suspicious,94.4
update1.windows-checker.net.,游릭 Safe,29.99
zzzzzzzzzzzzzzzzzzzz.random-beacon.tk.,游댮 Suspicious,62.82
cmd.exec.abc123.c2server.top.,游댮 Suspicious,38.71
cmd.exec.abc123.c2server.top.,游댮 Suspicious,38.71
jn4k2m9p8q7r6s5t4.upt.datapipe.biz.,游댮 Suspicious,94.19
session.9f8e7d6c5b4a3.payload.gateway.,游댮 Suspicious,85.21
beacon-2025-10-23-0924.trackme.space.,游댮 Suspicious,55.43
8d7c6b5a4e3f2g1h.encrypted.dataxfil.co.,游댮 Suspicious,94.18
8d7c6b5a4e3f2g1h.encrypted.dataxfil.co.,游댮 Suspicious,94.18
login.checker.update-server.xyz.,游댮 Suspicious,18.96
qwerty12345.asdfgh.payload-tunnel.ml.,游댮 Suspicious,68.03
7n6m5b4v3c2x1z9y8u7i6.secretchan.c2.,游댮 Suspicious,95.15
7n6m5b4v3c2x1z9y8u7i6.secretchan.c2.,游댮 Suspicious,95.15
shu2h3k4l5j6f7e8d9c0.xfil-api.info.,游댮 Suspicious,95.37
base64payload.aGVsbG8td29ybGQ=.tunnelme.org.,游댮 Suspicious,99.15
update-backup-config-45.gateway-ntp.tk.,游댮 Suspicious,63.82
9f8e7d6c5b4a3c2b1a.randomseq-dns.club.,游댮 Suspicious,93.77
confidential-data-enc.aW5mb3JtYXRpb24=.securex.biz.,游댮 Suspicious,78.59
confidential-data-enc.aW5mb3JtYXRpb24=.securex.biz.,游댮 Suspicious,78.59
token.1234567890abcdef.trackersite.vip.,游릭 Safe,55.4
api.v1.user.data.fffffff.exfiltrate.me.,游댮 Suspicious,21.32
uuuuuuu2222222xxxxxxxxx.randomdns.pw.,游댮 Suspicious,90.74
uuuuuuu2222222xxxxxxxxx.randomdns.pw.,游댮 Suspicious,90.74
svc-check-1-2-3-4-5-6-7-8-status.tunnel-server.co.,游댮 Suspicious,97.83
host-9a8b7c6d5e4f3a2b.encode.aHR0cHM=.malchan.site.,游댮 Suspicious,54.73
verylongsubdomainnamewithlotsofcharsanddigits123456789.payloadhost.online.,游댮 Suspicious,98.81
verylongsubdomainnamewithlotsofcharsanddigits123456789.payloadhost.online.,游댮 Suspicious,98.81
svc.control.beacon.aaabbbcccdddeeefff.tld.,游릭 Safe,31.89
randchunks-1-2-3-4-5-6-7.encdata-xfilr.org.,游댮 Suspicious,93.16
nested.subdomain.levels.including.data.payload.exfil.co.,游댮 Suspicious,34.24
nested.subdomain.levels.including.data.payload.exfil.co.,游댮 Suspicious,34.24
update1.microsoft-checks.cn.,游릭 Safe,33.33
df9s8d7f6g5h4j3k2l1h0.maltrack.info.,游댮 Suspicious,63.29
securelogin-verifier.tk.,游댮 Suspicious,74.17
xyzdns.encoded-tunnel.biz.,游댮 Suspicious,34.17
data.leakserver.io.,游댮 Suspicious,1.92
cnc.anonupdater.cc.,游릭 Safe,1.99
cmdcontrolpanel.ddnsfree.com.,游댮 Suspicious,51.75
log.transfer.dataz0ne.net.,游댮 Suspicious,8.72
aaaaaaaaaaaaaaaaaaaaaaaaaaaaaaaa.dnsleaktest.tk.,游댮 Suspicious,95.74
backdoor.syncsrv.ru.,游릭 Safe,0.94
tokenfetch.api-gateway.biz.,游댮 Suspicious,21.0
encodeddata6d617277617265.base64dns.info.,游댮 Suspicious,99.32
x9z8y7w6v5u4t3s2r1q0.evilupdate.co.,游릭 Safe,58.16
connect.c2-agent.net.,游댮 Suspicious,27.48
dns2.tunnelpayload.org.,游댮 Suspicious,21.21
a1b2c3d4e5f6g7h8.example.com.,游릭 Safe,52.89
a1b2c3d4e5f6g7h8.example.com.,游릭 Safe,52.89
MTIzNDU2Nzg5.example.com.,游릭 Safe,23.01
MTIzNDU2Nzg5.example.com.,游릭 Safe,23.01
qwertyuiopasdfgh.example.org.,游릭 Safe,34.93
qwertyuiopasdfgh.example.org.,游릭 Safe,34.93
very.long.sub.domain.a.b.c.d.e.f.g.h.example.net.,游릭 Safe,15.28
very.long.sub.domain.a.b.c.d.e.f.g.h.example.net.,游릭 Safe,15.28
aaaaa.aaaaa.aaaaa.example.info.,游릭 Safe,23.89
aaaaa.aaaaa.aaaaa.example.info.,游릭 Safe,23.89
1234567890abcdef.example.biz.,游댮 Suspicious,58.96
1234567890abcdef.example.biz.,游댮 Suspicious,58.96
update.top.,游댮 Suspicious,69.32
update.top.,游댮 Suspicious,69.32
ZmFrZWRhdGExMjM0NTY=.example.com.,游댮 Suspicious,55.08
ZmFrZWRhdGExMjM0NTY=.example.com.,游댮 Suspicious,55.08
subsub.subsub.subsub.sub.example.co.,游릭 Safe,4.97
subsub.subsub.subsub.sub.example.co.,游릭 Safe,4.97
xj9q2w8e7r6t5y4.example.net.,游릭 Safe,49.24
xj9q2w8e7r6t5y4.example.net.,游릭 Safe,49.24
login.xyz.,游댮 Suspicious,75.43
login.xyz.,游댮 Suspicious,75.43
exe-cmd-9a8b7c6d.example.mal.,游릭 Safe,48.79
exe-cmd-9a8b7c6d.example.mal.,游릭 Safe,48.79
AAAAAAAAAAAAAAAAAAAAAAAAAAAAAAAA.example.com.,游댮 Suspicious,72.27
AAAAAAAAAAAAAAAAAAAAAAAAAAAAAAAA.example.com.,游댮 Suspicious,72.27
cmd|data|dGhpcy1pcw==.exfil.example.org.,游댮 Suspicious,94.01
cmd|data|dGhpcy1pcw==.exfil.example.org.,游댮 Suspicious,94.01
aHR0cDovL3d3dy5leGFtcGxlLmNvbS5lbmNvZGVk.c2VjcmV0LXNlZWNvbmQ.,游댮 Suspicious,96.06
dGhpcy1pcy1hLXRlc3QtbWVzc2FnZS5mb28YmFzZTY0.,游댮 Suspicious,94.64
ZXhmaWwtdG9rZW4tMTIzNDU2Nzg5LmV2aWwuY29t.,游댮 Suspicious,78.05
MTIzNDU2Nzg5YWJjZGVmZ2hpamtsLmJhZC1kb21haW4.,游댮 Suspicious,78.55
c2VjcmV0LWRhdGE9cGF5bG9hZC5tYWxpY2lvdXMuY28.,游댮 Suspicious,94.61
beacon.stage1.payload-server.com.,游댮 Suspicious,26.75
cmd.dropper-update.win.,游릭 Safe,10.53
x7j9a2b3.malicious-net-checker.example.,游릭 Safe,46.67
exfil.dns-tunnel.c2node.io.,游댮 Suspicious,10.05
YXV0aF9rZXk9MTIzNDU2Nzg5MGFiYy5ldmls.,游댮 Suspicious,77.93
cGluZy1kYXRhLXNlc3Npb24tLTEyMzQ1LmJhZC1hY3Qu,游댮 Suspicious,78.55
session-chunk-001.tunnel.example.,游댮 Suspicious,91.01
dG9rZW4uY2h1bmtfYWN0aW9uLTA5LmJhZC5uZXQu,游댮 Suspicious,78.84
aa32bb99cc88dd77ee66ff55.g00gle-update.biz.,游댮 Suspicious,64.7
leak.payload.chunk.0001.malactor.net.,游댮 Suspicious,28.72
lkjhfdsapoiuytrewq.c2server.info.,游댮 Suspicious,70.48
ZmFrZS1kYXRhLXRvLWFmaWwuaW5mby5jb20.,游댮 Suspicious,78.12
checkin.malwarecontrol.cc.,游릭 Safe,10.28
px9q8w7e6r5t4y3u2i1o.chunked-exfil.bad.,游댮 Suspicious,94.13
txtdata.dGhpcy1pcy1zZWNyZXQubWFsaWNpb3Vz.,游댮 Suspicious,96.06
update-check-internal-7881.evilsvc.,游댮 Suspicious,72.44
docs.google.com.evil-subdomain.attacker-domain.,游릭 Safe,36.93
MjAyNTEwMjMtZGF0YS1jaHVuay5leGZpbC5uZXQu,游댮 Suspicious,77.79
oneocsp.microsoft.com.,游릭 Safe,0.21
oneocsp.microsoft.com.,游릭 Safe,0.21
oneocsp.microsoft.com.,游릭 Safe,0.21
oneocsp.microsoft.com.,游릭 Safe,0.21
unleash.codeium.com.,游릭 Safe,0.07
unleash.codeium.com.,游릭 Safe,0.07
unleash.codeium.com.,游릭 Safe,0.07
unleash.codeium.com.,游릭 Safe,0.07
unleash.codeium.com.,游릭 Safe,0.07
unleash.codeium.com.,游릭 Safe,0.07
unleash.codeium.com.,游릭 Safe,0.07
unleash.codeium.com.,游릭 Safe,0.07
unleash.codeium.com.,游릭 Safe,0.07
unleash.codeium.com.,游릭 Safe,0.07
windsurf-telemetry.codeium.com.,游릭 Safe,43.0
windsurf-telemetry.codeium.com.,游릭 Safe,43.0
windsurf-telemetry.codeium.com.,游릭 Safe,43.0
windsurf-telemetry.codeium.com.,游릭 Safe,43.0
windsurf-telemetry.codeium.com.,游릭 Safe,43.0
windsurf-telemetry.codeium.com.,游릭 Safe,43.0
dns.google.,游릭 Safe,49.19
dns.google.,游릭 Safe,49.19
dns.google.,游릭 Safe,49.19
dns.google.,游릭 Safe,49.19
dns.google.,游릭 Safe,49.19
dns.google.,游릭 Safe,49.19
unleash.codeium.com.,游릭 Safe,0.07
unleash.codeium.com.,游릭 Safe,0.07
unleash.codeium.com.,游릭 Safe,0.07
unleash.codeium.com.,游릭 Safe,0.07
unleash.codeium.com.,游릭 Safe,0.07
unleash.codeium.com.,游릭 Safe,0.07
unleash.codeium.com.,游릭 Safe,0.07
unleash.codeium.com.,游릭 Safe,0.07
pplx-next-static-public.perplexity.ai.,游릭 Safe,48.25
pplx-next-static-public.perplexity.ai.,游릭 Safe,48.25
pplx-next-static-public.perplexity.ai.,游릭 Safe,48.25
pplx-next-static-public.perplexity.ai.,游릭 Safe,48.25
pplx-next-static-public.perplexity.ai.,游릭 Safe,48.25
pplx-next-static-public.perplexity.ai.,游릭 Safe,48.25
www.google.com.,游릭 Safe,1.22
www.google.com.,游릭 Safe,1.22
www.google.com.,游릭 Safe,1.22
www.google.com.,游릭 Safe,1.22
www.google.com.,游릭 Safe,1.22
www.google.com.,游릭 Safe,1.22
beacons.gcp.gvt2.com.,游릭 Safe,0.27
beacons.gcp.gvt2.com.,游릭 Safe,0.27
beacons.gcp.gvt2.com.,游릭 Safe,0.27
beacons.gcp.gvt2.com.,游릭 Safe,0.27
beacons.gcp.gvt2.com.,游릭 Safe,0.27
beacons.gcp.gvt2.com.,游릭 Safe,0.27
music.youtube.com.,游릭 Safe,0.0
music.youtube.com.,游릭 Safe,0.0
music.youtube.com.,游릭 Safe,0.0
www.perplexity.ai.,游릭 Safe,2.41
www.perplexity.ai.,游릭 Safe,2.41
www.perplexity.ai.,游릭 Safe,2.41
music.youtube.com.,游릭 Safe,0.0
music.youtube.com.,游릭 Safe,0.0
www.perplexity.ai.,游릭 Safe,2.41
music.youtube.com.,游릭 Safe,0.0
www.perplexity.ai.,游릭 Safe,2.41
www.perplexity.ai.,游릭 Safe,2.41
static.cloudflareinsights.com.,游릭 Safe,43.34
static.cloudflareinsights.com.,游릭 Safe,43.34
static.cloudflareinsights.com.,游릭 Safe,43.34
browser-intake-datadoghq.com.,游댮 Suspicious,75.54
browser-intake-datadoghq.com.,游댮 Suspicious,75.54
browser-intake-datadoghq.com.,游댮 Suspicious,75.54
r2cdn.perplexity.ai.,游릭 Safe,0.43
r2cdn.perplexity.ai.,游릭 Safe,0.43
r2cdn.perplexity.ai.,游릭 Safe,0.43
browser-intake-datadoghq.com.,游댮 Suspicious,75.54
browser-intake-datadoghq.com.,游댮 Suspicious,75.54
browser-intake-datadoghq.com.,游댮 Suspicious,75.54
static.cloudflareinsights.com.,游릭 Safe,43.34
static.cloudflareinsights.com.,游릭 Safe,43.34
r2cdn.perplexity.ai.,游릭 Safe,0.43
r2cdn.perplexity.ai.,游릭 Safe,0.43
static.cloudflareinsights.com.,游릭 Safe,43.34
r2cdn.perplexity.ai.,游릭 Safe,0.43
suggest.perplexity.ai.,游릭 Safe,0.2
suggest.perplexity.ai.,游릭 Safe,0.2
suggest.perplexity.ai.,游릭 Safe,0.2
fscdn.eppo.cloud.,游릭 Safe,0.0
fscdn.eppo.cloud.,游릭 Safe,0.0
fscdn.eppo.cloud.,游릭 Safe,0.0
perplexity-ai.cloudflareaccess.com.,游릭 Safe,38.5
perplexity-ai.cloudflareaccess.com.,游릭 Safe,38.5
perplexity-ai.cloudflareaccess.com.,游릭 Safe,38.5
suggest.perplexity.ai.,游릭 Safe,0.2
sdk-api-v1.singular.net.,游릭 Safe,17.51
sdk-api-v1.singular.net.,游릭 Safe,17.51
sdk-api-v1.singular.net.,游릭 Safe,17.51
suggest.perplexity.ai.,游릭 Safe,0.2
suggest.perplexity.ai.,游릭 Safe,0.2
fscdn.eppo.cloud.,游릭 Safe,0.0
fscdn.eppo.cloud.,游릭 Safe,0.0
fscdn.eppo.cloud.,游릭 Safe,0.0
sdk-api-v1.singular.net.,游릭 Safe,17.51
perplexity-ai.cloudflareaccess.com.,游릭 Safe,38.5
perplexity-ai.cloudflareaccess.com.,游릭 Safe,38.5
perplexity-ai.cloudflareaccess.com.,游릭 Safe,38.5
sdk-api-v1.singular.net.,游릭 Safe,17.51
www.redditstatic.com.,游릭 Safe,2.17
www.redditstatic.com.,游릭 Safe,2.17
www.redditstatic.com.,游릭 Safe,2.17
connect.facebook.net.,游릭 Safe,0.52
connect.facebook.net.,游릭 Safe,0.52
connect.facebook.net.,游릭 Safe,0.52
www.facebook.com.,游릭 Safe,0.18
www.facebook.com.,游릭 Safe,0.18
www.facebook.com.,游릭 Safe,0.18
ipv4.podscribe.com.,游릭 Safe,0.54
ipv4.podscribe.com.,游릭 Safe,0.54
ipv4.podscribe.com.,游릭 Safe,0.54
s.amazon-adsystem.com.,游릭 Safe,23.16
s.amazon-adsystem.com.,游릭 Safe,23.16
s.amazon-adsystem.com.,游릭 Safe,23.16
www.redditstatic.com.,游릭 Safe,2.17
connect.facebook.net.,游릭 Safe,0.52
s.amazon-adsystem.com.,游릭 Safe,23.16
www.redditstatic.com.,游릭 Safe,2.17
s.amazon-adsystem.com.,游릭 Safe,23.16
www.facebook.com.,游릭 Safe,0.18
ipv4.podscribe.com.,游릭 Safe,0.54
ipv4.podscribe.com.,游릭 Safe,0.54
s.amazon-adsystem.com.,游릭 Safe,23.16
ipv4.podscribe.com.,游릭 Safe,0.54
www.facebook.com.,游릭 Safe,0.18
connect.facebook.net.,游릭 Safe,0.52
www.redditstatic.com.,游릭 Safe,2.17
www.facebook.com.,游릭 Safe,0.18
connect.facebook.net.,游릭 Safe,0.52
sdk-api-v1.singular.net.,游릭 Safe,17.51
alb.reddit.com.,游릭 Safe,0.0
alb.reddit.com.,游릭 Safe,0.0
alb.reddit.com.,游릭 Safe,0.0
alb.reddit.com.,游릭 Safe,0.0
alb.reddit.com.,游릭 Safe,0.0
alb.reddit.com.,游릭 Safe,0.0
verifi.podscribe.com.,游릭 Safe,0.54
verifi.podscribe.com.,游릭 Safe,0.54
verifi.podscribe.com.,游릭 Safe,0.54
ara.paa-reporting-advertising.amazon.,游릭 Safe,47.35
ara.paa-reporting-advertising.amazon.,游릭 Safe,47.35
ara.paa-reporting-advertising.amazon.,游릭 Safe,47.35
verifi.podscribe.com.,游릭 Safe,0.54
verifi.podscribe.com.,游릭 Safe,0.54
verifi.podscribe.com.,游릭 Safe,0.54
ara.paa-reporting-advertising.amazon.,游릭 Safe,47.35
ara.paa-reporting-advertising.amazon.,游릭 Safe,47.35
ara.paa-reporting-advertising.amazon.,游릭 Safe,47.35
claude.ai.,游릭 Safe,69.56
claude.ai.,游릭 Safe,69.56
claude.ai.,游릭 Safe,69.56
challenges.cloudflare.com.,游릭 Safe,3.38
challenges.cloudflare.com.,游릭 Safe,3.38
challenges.cloudflare.com.,游릭 Safe,3.38
challenges.cloudflare.com.,游릭 Safe,3.38
challenges.cloudflare.com.,游릭 Safe,3.38
claude.ai.,游릭 Safe,69.56
claude.ai.,游릭 Safe,69.56
claude.ai.,游릭 Safe,69.56
challenges.cloudflare.com.,游릭 Safe,3.38
a.nel.cloudflare.com.,游릭 Safe,0.4
a.nel.cloudflare.com.,游릭 Safe,0.4
a.nel.cloudflare.com.,游릭 Safe,0.4
powerpointonline.nel.measure.office.net.,游릭 Safe,18.3
powerpointonline.nel.measure.office.net.,游릭 Safe,18.3
powerpointonline.nel.measure.office.net.,游릭 Safe,18.3
w3-reporting-nel.reddit.com.,游릭 Safe,48.61
w3-reporting-nel.reddit.com.,游릭 Safe,48.61
w3-reporting-nel.reddit.com.,游릭 Safe,48.61
b1.nel.goog.,游릭 Safe,2.18
b1.nel.goog.,游릭 Safe,2.18
b1.nel.goog.,游릭 Safe,2.18
w3-reporting-nel.reddit.com.,游릭 Safe,48.61
powerpointonline.nel.measure.office.net.,游릭 Safe,18.3
a.nel.cloudflare.com.,游릭 Safe,0.4
b1.nel.goog.,游릭 Safe,2.18
w3-reporting-nel.reddit.com.,游릭 Safe,48.61
a.nel.cloudflare.com.,游릭 Safe,0.4
a.nel.cloudflare.com.,游릭 Safe,0.4
w3-reporting-nel.reddit.com.,游릭 Safe,48.61
b1.nel.goog.,游릭 Safe,2.18
b1.nel.goog.,游릭 Safe,2.18
powerpointonline.nel.measure.office.net.,游릭 Safe,18.3
powerpointonline.nel.measure.office.net.,游릭 Safe,18.3
api.gamma.app.,游릭 Safe,2.2
api.gamma.app.,游릭 Safe,2.2
api.gamma.app.,游릭 Safe,2.2
api.gamma.app.,游릭 Safe,2.2
api.gamma.app.,游릭 Safe,2.2
api.gamma.app.,游릭 Safe,2.2
unleash.codeium.com.,游릭 Safe,0.07
unleash.codeium.com.,游릭 Safe,0.07
dns.google.,游릭 Safe,49.19
dns.google.,游릭 Safe,49.19
dns.google.,游릭 Safe,49.19
dns.google.,游릭 Safe,49.19
dns.google.,游릭 Safe,49.19
dns.google.,游릭 Safe,49.19
dns.google.,游릭 Safe,49.19
dns.google.,游릭 Safe,49.19
dns.google.,游릭 Safe,49.19
dns.google.,游릭 Safe,49.19
dns.google.,游릭 Safe,49.19
dns.google.,游릭 Safe,49.19
dns.google.,游릭 Safe,49.19
dns.google.,游릭 Safe,49.19
dns.google.,游릭 Safe,49.19
pplx-next-static-public.perplexity.ai.,游릭 Safe,48.25
pplx-next-static-public.perplexity.ai.,游릭 Safe,48.25
pplx-next-static-public.perplexity.ai.,游릭 Safe,48.25
dns.google.,游릭 Safe,49.19
dns.google.,游릭 Safe,49.19
dns.google.,游릭 Safe,49.19
dns.google.,游릭 Safe,49.19
dns.google.,游릭 Safe,49.19
dns.google.,游릭 Safe,49.19
dns.google.,游릭 Safe,49.19
dns.google.,游릭 Safe,49.19
dns.google.,游릭 Safe,49.19
dns.google.,游릭 Safe,49.19
dns.google.,游릭 Safe,49.19
dns.google.,游릭 Safe,49.19
dns.google.,游릭 Safe,49.19
dns.google.,游릭 Safe,49.19
dns.google.,游릭 Safe,49.19
pplx-next-static-public.perplexity.ai.,游릭 Safe,48.25
pplx-next-static-public.perplexity.ai.,游릭 Safe,48.25
pplx-next-static-public.perplexity.ai.,游릭 Safe,48.25
clients4.google.com.,游릭 Safe,1.95
clients4.google.com.,游릭 Safe,1.95
clients4.google.com.,游릭 Safe,1.95
clients4.google.com.,游릭 Safe,1.95
clients4.google.com.,游릭 Safe,1.95
telemetry.individual.githubcopilot.com.,游릭 Safe,15.9
telemetry.individual.githubcopilot.com.,游릭 Safe,15.9
mobile.events.data.microsoft.com.,游댮 Suspicious,13.97
mobile.events.data.microsoft.com.,游댮 Suspicious,13.97
mobile.events.data.microsoft.com.,游댮 Suspicious,13.97
browser.events.data.microsoft.com.,游댮 Suspicious,19.32
browser.events.data.microsoft.com.,游댮 Suspicious,19.32
browser.events.data.microsoft.com.,游댮 Suspicious,19.32
v10.events.data.microsoft.com.,游댮 Suspicious,18.54
v10.events.data.microsoft.com.,游댮 Suspicious,18.54
v10.events.data.microsoft.com.,游댮 Suspicious,18.54
lh3.google.com.,游릭 Safe,1.88
lh3.google.com.,游릭 Safe,1.88
lh3.google.com.,游릭 Safe,1.88
lh3.google.com.,游릭 Safe,1.88
ogads-pa.clients6.google.com.,游릭 Safe,0.0
ogads-pa.clients6.google.com.,游릭 Safe,0.0
ogads-pa.clients6.google.com.,游릭 Safe,0.0
lh3.googleusercontent.com.,游릭 Safe,30.4
lh3.googleusercontent.com.,游릭 Safe,30.4
www.perplexity.ai.,游릭 Safe,2.41
www.perplexity.ai.,游릭 Safe,2.41
lh3.googleusercontent.com.,游릭 Safe,30.4
lh3.googleusercontent.com.,游릭 Safe,30.4
www.perplexity.ai.,游릭 Safe,2.41
www.perplexity.ai.,游릭 Safe,2.41
browser.events.data.microsoft.com.,游댮 Suspicious,19.32
browser.events.data.microsoft.com.,游댮 Suspicious,19.32
pplx-next-static-public.perplexity.ai.,游릭 Safe,48.25
pplx-next-static-public.perplexity.ai.,游릭 Safe,48.25
static.cloudflareinsights.com.,游릭 Safe,43.34
static.cloudflareinsights.com.,游릭 Safe,43.34
pplx-next-static-public.perplexity.ai.,游릭 Safe,48.25
pplx-next-static-public.perplexity.ai.,游릭 Safe,48.25
static.cloudflareinsights.com.,游릭 Safe,43.34
r2cdn.perplexity.ai.,游릭 Safe,0.43
r2cdn.perplexity.ai.,游릭 Safe,0.43
r2cdn.perplexity.ai.,游릭 Safe,0.43
r2cdn.perplexity.ai.,游릭 Safe,0.43
suggest.perplexity.ai.,游릭 Safe,0.2
suggest.perplexity.ai.,游릭 Safe,0.2
suggest.perplexity.ai.,游릭 Safe,0.2
suggest.perplexity.ai.,游릭 Safe,0.2
fscdn.eppo.cloud.,游릭 Safe,0.0
fscdn.eppo.cloud.,游릭 Safe,0.0
imagedelivery.net.,游릭 Safe,53.77
imagedelivery.net.,游릭 Safe,53.77
fscdn.eppo.cloud.,游릭 Safe,0.0
fscdn.eppo.cloud.,游릭 Safe,0.0
imagedelivery.net.,游릭 Safe,53.77
sdk-api-v1.singular.net.,游릭 Safe,17.51
sdk-api-v1.singular.net.,游릭 Safe,17.51
sdk-api-v1.singular.net.,游릭 Safe,17.51
perplexity-ai.cloudflareaccess.com.,游릭 Safe,38.5
perplexity-ai.cloudflareaccess.com.,游릭 Safe,38.5
browser-intake-datadoghq.com.,游댮 Suspicious,75.54
browser-intake-datadoghq.com.,游댮 Suspicious,75.54
sdk-api-v1.singular.net.,游릭 Safe,17.51
perplexity-ai.cloudflareaccess.com.,游릭 Safe,38.5
perplexity-ai.cloudflareaccess.com.,游릭 Safe,38.5
static.cloudflareinsights.com.,游릭 Safe,43.34
static.cloudflareinsights.com.,游릭 Safe,43.34
claude.ai.,游릭 Safe,69.56
claude.ai.,游릭 Safe,69.56
claude.ai.,游릭 Safe,69.56
claude.ai.,游릭 Safe,69.56
claude.ai.,游릭 Safe,69.56
fscdn.eppo.cloud.,游릭 Safe,0.0
fscdn.eppo.cloud.,游릭 Safe,0.0
sdk-api-v1.singular.net.,游릭 Safe,17.51
sdk-api-v1.singular.net.,游릭 Safe,17.51
a.claude.ai.,游릭 Safe,6.69
a.claude.ai.,游릭 Safe,6.69
a.claude.ai.,游릭 Safe,6.69
ext2.temp-mail.org.,游릭 Safe,0.0
ext2.temp-mail.org.,游릭 Safe,0.0
statsig.anthropic.com.,游릭 Safe,0.48
statsig.anthropic.com.,游릭 Safe,0.48
a-cdn.anthropic.com.,游릭 Safe,1.05
a-cdn.anthropic.com.,游릭 Safe,1.05
statsig.anthropic.com.,游릭 Safe,0.48
statsig.anthropic.com.,游릭 Safe,0.48
a-cdn.anthropic.com.,游릭 Safe,1.05
a-cdn.anthropic.com.,游릭 Safe,1.05
a-cdn.anthropic.com.,游릭 Safe,1.05
a-cdn.anthropic.com.,游릭 Safe,1.05
statsig.anthropic.com.,游릭 Safe,0.48
statsig.anthropic.com.,游릭 Safe,0.48
connect.facebook.net.,游릭 Safe,0.52
connect.facebook.net.,游릭 Safe,0.52
connect.facebook.net.,游릭 Safe,0.52
connect.facebook.net.,游릭 Safe,0.52
a-api.anthropic.com.,游릭 Safe,0.54
a-api.anthropic.com.,游릭 Safe,0.54
a-api.anthropic.com.,游릭 Safe,0.54
a-api.anthropic.com.,游릭 Safe,0.54
s-cdn.anthropic.com.,游릭 Safe,2.35
s-cdn.anthropic.com.,游릭 Safe,2.35
s-cdn.anthropic.com.,游릭 Safe,2.35
widget.intercom.io.,游릭 Safe,0.0
widget.intercom.io.,游릭 Safe,0.0
widget.intercom.io.,游릭 Safe,0.0
js.intercomcdn.com.,游릭 Safe,1.55
js.intercomcdn.com.,游릭 Safe,1.55
js.intercomcdn.com.,游릭 Safe,1.55
js.intercomcdn.com.,游릭 Safe,1.55
api.honeycomb.io.,游릭 Safe,0.54
api.honeycomb.io.,游릭 Safe,0.54
api.honeycomb.io.,游릭 Safe,0.54
api.honeycomb.io.,游릭 Safe,0.54
s-cdn.anthropic.com.,游릭 Safe,2.35
api-iam.intercom.io.,游릭 Safe,0.39
api-iam.intercom.io.,游릭 Safe,0.39
widget.intercom.io.,游릭 Safe,0.0
widget.intercom.io.,游릭 Safe,0.0
js.intercomcdn.com.,游릭 Safe,1.55
js.intercomcdn.com.,游릭 Safe,1.55
api-iam.intercom.io.,游릭 Safe,0.39
api-iam.intercom.io.,游릭 Safe,0.39
s-cdn.anthropic.com.,游릭 Safe,2.35
nexus-websocket-a.intercom.io.,游릭 Safe,42.22
nexus-websocket-a.intercom.io.,游릭 Safe,42.22
nexus-websocket-a.intercom.io.,游릭 Safe,42.22
nexus-websocket-a.intercom.io.,游릭 Safe,42.22
telemetry.individual.githubcopilot.com.,游릭 Safe,15.9
telemetry.individual.githubcopilot.com.,游릭 Safe,15.9
telemetry.individual.githubcopilot.com.,游릭 Safe,15.9
nexus-websocket-a.intercom.io.,游릭 Safe,42.22
nexus-websocket-a.intercom.io.,游릭 Safe,42.22
api-iam.intercom.io.,游릭 Safe,0.39
api-iam.intercom.io.,游릭 Safe,0.39
mobile.events.data.microsoft.com.,游댮 Suspicious,13.97
mobile.events.data.microsoft.com.,游댮 Suspicious,13.97
mobile.events.data.microsoft.com.,游댮 Suspicious,13.97
mobile.events.data.microsoft.com.,游댮 Suspicious,13.97
mobile.events.data.microsoft.com.,游댮 Suspicious,13.97
mobile.events.data.microsoft.com.,游댮 Suspicious,13.97
marketplace.visualstudio.com.,游릭 Safe,11.51
marketplace.visualstudio.com.,游릭 Safe,11.51
marketplace.visualstudio.com.,游릭 Safe,11.51
marketplace.visualstudio.com.,游릭 Safe,11.51
v20.events.data.microsoft.com.,游댮 Suspicious,18.54
v20.events.data.microsoft.com.,游댮 Suspicious,18.54
v20.events.data.microsoft.com.,游댮 Suspicious,18.54
mobile.events.data.microsoft.com.,游댮 Suspicious,13.97
mobile.events.data.microsoft.com.,游댮 Suspicious,13.97
mobile.events.data.microsoft.com.,游댮 Suspicious,13.97
mobile.events.data.microsoft.com.,游댮 Suspicious,13.97
telemetry.individual.githubcopilot.com.,游릭 Safe,15.9
telemetry.individual.githubcopilot.com.,游릭 Safe,15.9
telemetry.individual.githubcopilot.com.,游릭 Safe,15.9
music.youtube.com.,游릭 Safe,0.0
music.youtube.com.,游릭 Safe,0.0
music.youtube.com.,游릭 Safe,0.0
music.youtube.com.,游릭 Safe,0.0
music.youtube.com.,游릭 Safe,0.0
